,last_purchase,max_discount,shoe_spend,apparel_spend,acc_spend,custserv_calls,acc_purchasers,promo_purchaser,shoe_orders,apparel_orders,acc_orders,gender,ecommShopper,bhShopper,state,area_code,phone,prediction
0,57.5,0.25,330.1,167.4,100,1,0,1,3,2,3,Male,True,True,KS,415,382-4657,0
1,84.0,0.0,231.7,118.3,101,3,1,0,2,2,3,Male,False,True,OK,415,330-6626,0
2,89.0,0.0,194.1,198.5,127,4,0,0,2,2,4,Male,False,True,IN,415,329-6603,0
3,56.5,0.0,248.0,42.9,95,0,0,0,2,1,3,Male,False,True,AZ,415,358-1958,0
4,66.0,0.0,175.4,107.3,77,2,0,0,1,2,3,Female,False,True,SC,415,350-2565,0
5,93.0,0.39,278.0,161.1,95,0,0,1,2,2,3,Male,False,False,WY,408,357-3817,0
6,97.0,0.0,184.3,185.1,111,1,0,0,2,2,3,Male,False,False,HI,510,410-7789,0
7,50.5,0.0,149.8,106.7,142,2,0,0,1,2,4,Male,False,True,IL,415,416-8428,0
8,103.5,0.3,211.3,132.5,145,0,0,1,2,2,4,Female,True,True,AK,408,341-9764,0
9,89.5,0.0,219.0,195.8,35,1,0,0,2,2,1,Male,True,True,WI,510,352-1237,0
10,73.5,0.0,225.2,237.5,93,2,0,0,2,3,3,Female,False,False,UT,415,404-3211,0
11,61.0,0.3,263.4,45.3,58,3,0,1,2,1,2,Male,False,False,CO,408,370-7574,0
12,63.5,0.34,333.6,148.2,116,2,0,1,3,2,4,Female,False,True,CA,415,405-3371,1
13,84.5,0.33,258.7,216.1,146,2,0,1,2,3,4,Male,False,True,MN,510,344-5117,0
14,58.5,0.0,276.6,186.9,78,1,0,0,2,2,3,Female,False,True,UT,408,338-9472,0
15,76.5,0.0,268.4,196.7,73,1,0,0,2,2,2,Male,False,False,NV,415,399-4246,0
16,49.5,0.0,126.6,47.1,82,4,0,0,1,1,3,Male,True,True,NY,408,360-1171,0
17,98.5,0.0,279.1,134.4,82,2,0,0,2,2,3,Male,False,True,MN,415,355-8887,0
18,86.5,0.0,235.2,125.2,150,1,0,0,2,2,5,Male,False,True,MD,408,333-1967,0
19,82.5,0.0,317.9,148.4,95,3,0,0,3,2,3,Male,True,True,ME,415,400-9510,0
20,72.0,0.0,263.2,177.3,87,4,0,0,2,2,3,Male,False,False,AZ,415,327-3954,0
21,54.0,0.0,216.7,89.0,105,0,0,0,2,1,3,Male,False,True,VT,415,354-3783,0
22,79.0,0.0,266.4,199.4,120,1,0,0,2,2,4,Male,False,True,AZ,408,354-4445,0
23,91.0,0.27,252.5,116.6,64,4,0,1,2,2,2,Female,True,False,MS,510,414-8718,0
24,76.5,0.0,210.5,187.7,109,3,0,0,2,2,3,Male,False,True,NE,415,353-6870,1
25,40.0,0.0,262.0,172.6,91,1,0,0,2,2,3,Male,False,True,AR,408,411-5859,0
26,76.0,0.0,268.1,180.1,120,3,0,0,2,2,4,Male,False,False,FL,510,379-5592,0
27,65.0,0.23,270.0,122.0,102,2,0,1,2,2,3,Male,False,False,NV,415,422-6690,0
28,61.5,0.39,265.3,190.4,105,0,0,1,2,2,3,Male,False,True,MD,415,374-3534,0
29,70.0,0.0,311.5,165.5,117,1,0,0,3,2,4,Male,False,True,VT,510,390-2805,0
30,49.0,0.43,322.7,132.1,111,2,0,1,3,2,3,Male,True,True,RI,408,366-6730,0
31,64.0,0.24,207.1,153.4,96,1,0,1,1,2,3,Male,False,True,FL,510,351-4616,0
32,29.0,0.31,254.8,133.3,75,1,0,1,2,2,3,Male,False,True,GA,510,366-5699,0
33,47.5,0.0,267.0,213.2,109,1,0,0,2,3,3,Male,True,True,DC,415,329-9364,0
34,89.0,0.0,181.8,148.9,141,1,0,0,1,2,4,Male,True,False,OR,415,397-5060,0
35,32.0,0.0,284.2,119.4,61,0,0,0,2,2,2,Male,False,True,LA,408,415-2393,0
36,63.5,0.0,238.5,164.1,162,3,0,0,2,2,5,Male,False,False,AR,408,405-5681,0
37,86.5,0.0,297.1,262.3,0,3,0,0,2,3,0,Female,False,False,KS,408,411-4582,1
38,68.5,0.0,223.7,34.3,102,1,0,0,2,1,3,Male,False,True,NY,408,422-1471,0
39,68.0,0.0,198.8,150.5,89,0,0,0,2,2,3,Male,False,False,CO,415,418-4365,0
40,17.5,0.0,391.5,146.3,107,2,0,0,3,2,3,Male,True,True,TX,510,378-3625,1
41,95.0,0.24,210.7,190.5,131,3,0,1,2,2,4,Male,False,True,MN,415,358-3261,0
42,90.5,0.0,247.3,298.2,112,2,0,0,2,3,4,Female,False,True,DE,408,377-9932,0
43,69.0,0.0,205.6,148.6,68,2,0,0,2,2,2,Male,False,False,MI,510,367-1062,0
44,104.0,0.0,214.3,212.2,89,2,0,0,2,2,3,Male,False,True,ME,408,345-3934,0
45,79.0,0.0,290.0,146.9,71,3,0,0,2,2,2,Male,False,True,WV,408,336-5616,0
46,62.0,0.23,219.0,248.0,118,2,0,1,2,3,4,Female,False,True,NM,510,349-1687,0
47,105.0,0.29,222.4,87.9,139,4,0,1,2,1,4,Female,False,False,OR,415,380-2558,1
48,80.5,0.0,272.0,202.9,91,3,0,0,2,2,3,Male,False,True,MS,408,345-6043,0
49,73.0,0.0,208.7,243.0,109,0,1,0,2,3,3,Female,False,True,TX,415,411-1715,0
50,46.0,0.0,199.5,113.1,154,1,0,0,2,2,5,Female,False,True,IL,408,334-2730,1
51,44.0,0.0,327.4,164.6,83,2,0,0,3,2,3,Female,True,False,NC,408,417-3676,1
52,97.0,0.28,279.4,205.2,80,3,0,1,2,2,3,Male,True,False,AL,415,331-6229,0
53,80.0,0.0,286.4,201.8,98,3,0,0,2,2,3,Male,False,False,WA,415,369-4384,0
54,47.5,0.0,283.9,178.0,111,0,1,0,2,2,3,Female,False,True,HI,510,416-3915,0
55,86.0,0.0,262.9,151.5,67,3,0,0,2,2,2,Female,False,True,DE,415,362-7318,0
56,38.0,0.0,272.6,102.4,141,0,0,0,2,2,4,Male,True,False,AL,510,335-5882,0
57,74.5,0.0,242.1,164.0,59,1,0,0,2,2,2,Male,False,True,WI,510,355-6930,0
58,103.5,0.0,222.6,154.3,119,0,0,0,2,2,4,Male,False,True,AR,415,346-9317,0
59,42.5,0.0,223.0,262.5,91,1,0,0,2,3,3,Male,False,True,IA,415,360-6868,0
60,65.5,0.0,259.4,160.3,114,0,0,0,2,2,4,Male,False,True,RI,510,341-3464,0
61,47.5,0.0,151.3,216.6,113,1,0,0,1,3,4,Male,False,True,OR,415,394-3791,0
62,67.5,0.0,234.6,234.1,93,0,0,0,2,3,3,Female,False,True,DE,510,365-8779,0
63,72.0,0.0,234.2,241.5,106,0,0,0,2,3,3,Male,True,True,SC,510,397-4304,0
64,94.0,0.0,259.1,146.6,70,2,0,0,2,2,2,Male,False,False,WA,415,333-2611,0
65,80.0,0.41,220.9,132.3,131,3,0,1,2,2,4,Female,False,True,AZ,415,400-6999,0
66,32.0,0.38,285.1,204.3,101,4,1,1,2,2,3,Male,False,True,AR,415,413-3412,0
67,59.5,0.0,309.6,158.8,113,1,1,0,3,2,4,Male,False,True,CA,408,343-6374,0
68,44.5,0.0,415.8,186.5,101,1,0,0,3,2,3,Female,True,False,CO,415,343-5709,1
69,54.0,0.0,266.8,195.0,103,1,0,0,2,2,3,Female,True,True,NC,415,383-7689,0
70,76.5,0.0,244.2,180.7,92,2,0,0,2,2,3,Male,True,True,AZ,415,422-4241,0
71,58.0,0.0,286.0,130.7,68,2,0,0,2,2,2,Male,False,True,KS,415,345-2931,0
72,100.0,0.0,233.4,213.8,111,1,0,0,2,3,3,Male,False,False,WV,415,393-4949,0
73,75.5,0.0,329.3,130.9,93,0,1,0,3,2,3,Male,True,False,WI,415,421-9401,0
74,111.0,0.0,211.0,79.7,68,0,0,0,2,1,2,Female,True,False,IL,415,343-9658,0
75,89.5,0.0,162.2,156.2,104,2,0,0,1,2,3,Female,False,True,NV,415,396-2324,0
76,9.5,0.0,236.5,130.0,50,1,1,0,2,2,2,Male,False,True,DE,510,361-6563,0
77,64.0,0.0,249.1,297.0,75,2,0,0,2,3,3,Female,False,True,NV,415,356-3646,0
78,65.5,0.16,286.6,100.2,113,1,0,1,2,2,4,Female,False,True,DC,415,394-5537,0
79,98.5,0.0,315.3,230.6,133,2,0,0,3,3,4,Female,True,True,KS,510,365-5979,1
80,71.5,0.0,343.0,146.7,83,0,0,0,3,2,3,Male,False,True,OH,510,385-8997,1
81,81.0,0.0,218.5,167.6,63,2,0,0,2,2,2,Male,False,True,MI,415,408-3384,0
82,72.0,0.0,220.3,235.7,124,0,0,0,2,3,4,Male,False,False,FL,408,336-2090,0
83,92.0,0.29,198.1,191.2,68,1,0,1,2,2,2,Female,False,True,AR,510,343-7242,0
84,84.0,0.0,182.3,171.1,122,1,0,0,2,2,4,Female,False,False,GA,415,333-7637,0
85,78.5,0.23,290.5,216.3,98,0,0,1,2,3,3,Female,True,False,KS,408,339-2616,0
86,67.0,0.0,249.0,90.4,110,0,0,0,2,1,3,Male,False,False,WA,415,361-8239,0
87,64.0,0.0,212.9,198.4,96,3,0,0,2,2,3,Female,False,True,RI,408,360-3525,0
88,69.0,0.23,258.5,190.2,85,0,0,1,2,2,3,Male,False,True,ND,415,366-8036,0
89,52.0,0.2,279.6,205.1,148,0,0,1,2,2,4,Male,True,True,MI,415,421-3528,0
90,63.0,0.0,214.9,226.1,133,2,0,0,2,3,4,Male,True,False,GA,510,347-1914,0
91,79.0,0.0,287.3,201.5,110,3,0,0,2,2,3,Female,False,True,GA,510,395-1962,0
92,56.5,0.0,215.4,200.5,123,1,0,0,2,2,4,Male,False,True,IA,415,361-5277,0
93,75.0,0.36,243.7,148.6,80,2,0,1,2,2,3,Male,True,True,CA,415,356-5491,0
94,84.0,0.0,276.3,75.6,97,4,1,0,2,1,3,Male,False,False,ME,408,343-1965,0
95,59.5,0.28,316.4,195.1,75,1,0,1,3,2,3,Female,True,True,FL,415,397-1649,0
96,75.0,0.0,281.9,177.4,175,1,1,0,2,2,5,Male,False,True,MI,415,366-7247,0
97,25.0,0.17,189.0,172.9,123,1,0,1,2,2,4,Male,True,True,VT,408,415-4857,0
98,91.5,0.29,330.9,185.8,140,0,1,1,3,2,4,Male,False,True,AL,408,411-7778,1
99,91.0,0.0,110.0,121.3,98,2,0,0,1,2,3,Male,True,True,MO,408,364-1969,0
100,74.0,0.22,105.9,103.4,119,0,0,1,1,2,4,Female,True,True,NJ,415,379-6652,0
101,98.0,0.37,228.5,173.1,78,2,0,1,2,2,3,Male,False,True,NY,415,391-1348,0
102,83.0,0.0,228.0,189.1,67,2,0,0,2,2,2,Female,False,True,AL,415,408-4174,0
103,72.5,0.38,278.7,223.0,107,2,0,1,2,3,3,Female,False,False,OR,415,366-4334,0
104,59.0,0.36,266.3,12.2,54,1,0,1,2,1,2,Female,False,True,OK,415,406-5059,0
105,88.0,0.0,375.4,36.5,92,4,0,0,3,1,3,Male,False,False,LA,510,373-6784,0
106,60.0,0.0,224.5,273.8,120,0,0,0,2,3,4,Female,False,True,NJ,408,336-1749,0
107,59.0,0.0,196.8,106.7,77,2,0,0,2,2,3,Male,False,False,CO,415,378-9029,0
108,73.0,0.0,276.0,159.0,47,3,0,0,2,2,2,Male,False,False,ME,510,390-2891,0
109,28.5,0.26,139.3,147.3,145,2,0,1,1,2,4,Female,False,True,MN,415,335-3913,0
110,75.5,0.0,266.9,196.8,137,3,0,0,2,2,4,Male,False,True,FL,415,349-9566,0
111,66.5,0.0,214.8,150.0,117,2,0,0,2,2,4,Female,False,False,OR,408,333-3421,0
112,85.5,0.21,251.7,305.0,165,1,0,1,2,3,5,Male,False,False,CT,408,388-4879,0
113,69.5,0.0,229.2,125.4,107,1,0,0,2,2,3,Female,True,True,NM,415,356-7217,0
114,59.5,0.0,222.5,100.7,96,3,0,0,2,2,3,Male,False,True,MN,510,410-7383,1
115,102.0,0.0,225.4,72.6,91,2,0,0,2,1,3,Male,False,True,NY,408,356-1889,0
116,50.0,0.0,267.8,135.8,46,1,0,0,2,2,2,Female,True,True,WV,510,350-1354,0
117,76.0,0.0,296.8,120.6,116,3,0,0,2,2,4,Male,True,True,PA,510,334-5337,0
118,46.0,0.0,221.4,203.4,77,4,0,0,2,2,3,Male,False,False,OR,510,339-1405,1
119,69.0,0.29,285.7,187.7,132,1,1,1,2,2,4,Male,False,True,NV,415,380-7742,0
120,101.0,0.37,304.8,191.9,73,2,0,1,3,2,2,Male,False,False,DC,408,329-6191,0
121,97.5,0.43,237.0,170.2,80,1,0,1,2,2,3,Female,False,True,UT,510,340-3075,0
122,38.5,0.35,193.2,244.5,88,2,1,1,2,3,3,Male,False,True,WA,408,416-5849,0
123,58.5,0.0,187.4,113.8,115,1,0,0,2,2,4,Male,False,True,DC,510,362-8280,0
124,69.0,0.33,274.6,116.9,106,2,0,1,2,2,3,Female,False,True,ME,408,402-9982,0
125,74.0,0.37,285.2,155.3,41,0,1,1,2,2,2,Male,True,True,NJ,408,348-8015,0
126,73.0,0.0,177.7,187.7,65,1,0,0,1,2,2,Female,False,True,VT,415,328-2236,0
127,60.5,0.34,211.4,59.7,156,2,0,1,2,1,5,Male,True,False,NJ,415,327-9341,0
128,103.5,0.0,242.9,194.6,108,2,0,0,2,2,3,Male,False,False,MO,408,383-5474,0
129,61.0,0.0,215.7,167.3,92,1,0,0,2,2,3,Male,False,True,KS,408,373-5438,0
130,68.5,0.0,193.6,104.0,114,0,0,0,2,2,4,Male,False,True,DE,415,419-3167,0
131,84.5,0.0,230.3,168.5,98,1,0,0,2,2,3,Male,False,True,VA,408,416-5341,0
132,56.0,0.39,134.1,71.3,91,0,0,1,1,1,3,Female,False,True,WI,415,331-3174,0
133,94.5,0.39,271.9,97.8,92,3,0,1,2,2,3,Male,True,True,AR,415,396-2867,0
134,94.0,0.0,240.6,131.8,93,0,0,0,2,2,3,Female,False,False,MN,415,397-6109,0
135,104.5,0.0,216.0,101.4,99,0,0,0,2,2,3,Female,True,True,VA,415,392-9342,0
136,48.0,0.0,270.3,136.7,78,1,0,0,2,2,3,Female,True,True,ND,408,358-8729,0
137,65.5,0.22,246.8,198.1,92,2,0,1,2,2,3,Female,False,True,GA,415,349-1943,0
138,108.0,0.0,258.8,88.9,92,0,0,0,2,1,3,Male,False,False,MT,510,345-1419,0
139,71.0,0.33,265.1,158.9,155,0,0,1,2,2,5,Male,False,True,GA,415,383-8695,0
140,91.5,0.0,190.1,218.8,112,3,0,0,2,3,4,Male,False,False,CO,408,351-6552,0
141,62.0,0.0,241.8,194.7,75,1,0,0,2,2,3,Male,False,True,DE,415,345-5338,0
142,100.0,0.0,306.9,99.4,59,1,0,0,3,2,2,Male,True,True,LA,415,330-2849,0
143,100.5,0.0,306.2,86.5,106,0,0,0,3,1,3,Male,False,True,MA,408,364-6801,0
144,89.0,0.0,260.4,151.2,89,0,0,0,2,2,3,Female,False,True,NY,510,383-8878,0
145,63.5,0.0,254.5,159.8,131,1,0,0,2,2,4,Male,False,True,KS,510,377-7107,0
146,60.0,0.0,224.1,211.6,65,1,0,0,2,2,2,Male,False,False,ND,408,383-8364,0
147,75.5,0.29,220.4,158.5,80,3,0,1,2,2,3,Male,True,True,NJ,510,420-8242,0
148,90.0,0.0,214.3,243.6,91,0,0,0,2,3,3,Male,True,True,WA,408,404-9539,0
149,72.5,0.0,281.8,160.8,110,0,0,0,2,2,3,Male,False,True,IA,415,338-7886,0
150,61.0,0.0,168.3,99.1,107,0,0,0,1,2,3,Male,False,True,WV,415,332-5596,0
151,74.5,0.0,204.4,129.1,77,0,0,0,2,2,3,Male,False,True,RI,415,348-9945,0
152,72.0,0.0,127.9,201.0,85,1,0,0,1,2,3,Male,False,True,HI,415,346-2530,0
153,37.5,0.22,240.9,181.7,73,2,0,1,2,2,2,Male,False,True,SD,415,369-6204,0
154,79.0,0.37,294.6,102.3,95,2,0,1,2,2,3,Female,True,True,NM,408,338-9210,0
155,87.5,0.0,227.1,125.0,110,5,0,0,2,2,3,Male,True,False,UT,415,398-3834,0
156,87.5,0.0,224.5,210.8,114,1,0,0,2,2,4,Male,False,True,KS,510,414-9054,0
157,88.5,0.0,99.0,248.6,115,0,0,0,1,3,4,Male,False,True,NE,415,337-1225,0
158,63.5,0.17,258.4,210.6,114,5,0,1,2,2,4,Male,False,True,FL,415,394-6577,0
159,42.5,0.0,267.0,133.5,104,1,0,0,2,2,3,Female,False,False,LA,408,359-6995,0
160,44.0,0.0,249.6,166.0,78,1,0,0,2,2,3,Male,False,True,KY,510,413-2201,0
161,48.5,0.32,219.0,155.5,82,3,0,1,2,2,3,Male,False,True,AL,415,358-1129,0
162,87.0,0.0,232.5,212.1,114,2,0,0,2,2,4,Female,True,True,OR,415,401-8377,0
163,105.0,0.0,278.9,209.8,98,2,0,0,2,2,3,Male,True,True,WY,415,331-3202,0
164,32.0,0.0,235.7,161.1,133,1,0,0,2,2,4,Male,True,True,MN,415,418-9502,0
165,47.0,0.28,191.9,136.9,88,5,1,1,2,2,3,Female,True,True,WI,415,339-6637,1
166,83.0,0.0,254.5,177.0,92,0,0,0,2,2,3,Female,False,False,ID,510,356-3403,0
167,65.5,0.0,226.9,170.9,107,1,1,0,2,2,3,Female,False,True,WV,415,330-2693,0
168,68.0,0.22,346.1,113.7,112,1,0,1,3,2,4,Male,False,True,MO,415,344-9943,0
169,79.0,0.0,274.8,164.5,113,0,0,0,2,2,4,Female,True,False,SD,408,358-5826,0
170,109.5,0.0,330.6,178.8,111,2,0,0,3,2,3,Male,True,True,NJ,408,393-7826,1
171,87.0,0.33,336.5,223.4,82,1,1,1,3,3,3,Male,False,False,NV,510,397-6789,0
172,99.0,0.0,177.8,188.8,90,2,0,0,1,2,3,Male,True,True,WI,408,335-9501,0
173,87.5,0.0,213.5,189.4,145,1,1,0,2,2,4,Female,False,True,VA,408,364-9040,1
174,67.5,0.0,311.2,172.4,94,1,0,0,3,2,3,Female,False,True,ME,510,402-9558,1
175,85.5,0.0,318.0,189.3,98,0,0,0,3,2,3,Male,False,True,MT,415,398-8385,0
176,84.0,0.41,195.9,173.4,124,1,0,1,2,2,4,Male,False,False,WA,510,367-1424,0
177,75.5,0.16,249.0,46.4,127,2,0,1,2,1,4,Male,False,False,WV,510,335-7257,0
178,84.5,0.0,237.1,181.7,116,1,0,0,2,2,4,Male,True,True,MO,415,421-2955,0
179,61.0,0.0,232.7,63.7,134,3,1,0,2,1,4,Female,False,True,CO,408,409-4447,1
180,81.0,0.31,275.4,195.5,97,0,0,1,2,2,3,Male,False,True,IL,415,375-3658,0
181,49.5,0.51,348.9,162.0,100,1,0,1,3,2,3,Male,False,False,FL,415,376-4484,0
182,73.5,0.0,245.6,160.9,103,1,0,0,2,2,3,Female,False,False,NE,415,410-6791,0
183,47.0,0.0,302.6,162.4,91,0,0,0,3,2,3,Male,True,False,ME,408,408-4323,0
184,57.0,0.0,263.4,234.7,92,2,0,0,2,3,3,Male,False,False,IL,415,395-1718,0
185,88.5,0.0,321.3,150.2,62,2,0,0,3,2,2,Male,False,True,IA,510,402-2377,0
186,69.5,0.0,248.6,90.7,127,1,0,0,2,1,4,Male,False,True,WY,408,366-3917,0
187,72.5,0.0,336.4,160.4,111,4,0,0,3,2,3,Male,False,False,MA,510,366-3358,0
188,70.0,0.0,269.9,105.2,104,5,0,0,2,2,3,Male,True,True,WA,415,354-6960,0
189,57.0,0.0,332.4,174.2,59,1,1,0,3,2,2,Female,False,True,FL,415,355-4992,1
190,56.5,0.0,227.8,260.3,72,1,0,0,2,3,2,Female,True,True,FL,415,343-9946,0
191,100.5,0.0,211.3,225.9,80,1,0,0,2,3,3,Male,True,True,WY,408,357-7060,0
192,73.0,0.0,185.8,139.8,119,4,0,0,2,2,4,Male,True,False,ME,510,346-7656,0
193,68.5,0.0,230.3,180.0,85,2,0,0,2,2,3,Male,False,False,MD,415,343-2350,0
194,59.0,0.0,191.7,125.5,144,2,0,0,2,2,4,Female,False,True,VT,415,372-4722,0
195,69.0,0.0,167.8,251.7,132,2,0,0,1,3,4,Male,False,False,WY,415,373-2339,0
196,78.5,0.0,291.3,193.0,130,4,0,0,2,2,4,Female,True,True,MD,408,329-2789,0
197,76.0,0.37,227.3,203.9,92,0,0,1,2,2,3,Male,True,False,NE,510,334-1508,0
198,56.5,0.0,185.5,159.7,143,1,0,0,2,2,4,Male,False,True,TX,415,396-8400,0
199,81.0,0.28,232.9,160.7,92,4,0,1,2,2,3,Male,False,False,NV,415,399-9802,0
200,67.5,0.0,168.0,212.3,79,1,0,0,1,2,3,Male,False,True,AK,415,330-5462,0
201,71.0,0.0,218.8,204.0,116,4,0,0,2,2,4,Male,False,True,VT,415,407-2292,0
202,119.0,0.0,264.2,157.3,133,3,0,0,2,2,4,Female,True,True,AR,415,380-2758,0
203,90.0,0.0,343.0,236.4,131,4,0,0,3,3,4,Male,False,False,VT,415,394-7447,1
204,79.5,0.33,224.1,119.8,130,1,0,1,2,2,4,Male,False,False,ND,415,400-7253,0
205,52.5,0.0,236.4,85.2,170,3,0,0,2,1,5,Male,False,True,NV,510,395-8595,1
206,32.5,0.0,340.4,157.5,136,1,0,0,3,2,4,Male,False,True,NV,408,359-4587,1
207,39.0,0.0,272.7,134.8,79,0,0,0,2,2,3,Female,True,True,NC,415,330-6630,0
208,97.5,0.0,255.4,287.5,83,2,0,0,2,3,3,Male,False,True,OR,415,405-9217,0
209,101.0,0.0,208.6,122.4,86,1,0,0,2,2,3,Female,False,True,SC,415,332-1060,0
210,48.5,0.0,198.0,232.8,112,1,1,0,2,3,4,Male,False,True,AK,510,383-6544,0
211,63.5,0.0,266.8,201.5,165,0,0,0,2,2,5,Male,False,True,MN,510,337-3769,0
212,84.0,0.0,187.8,181.3,107,2,0,0,2,2,3,Male,False,True,RI,415,333-9826,0
213,46.5,0.0,254.3,190.9,92,4,0,0,2,2,3,Male,False,True,CT,510,411-8549,0
214,59.5,0.0,223.6,181.2,102,3,0,0,2,2,3,Female,True,False,KS,415,371-6990,1
215,74.5,0.0,308.2,117.0,72,4,1,0,3,2,2,Male,True,True,NY,510,417-3046,0
216,13.0,0.0,241.4,128.8,93,4,0,0,2,2,3,Male,False,False,TX,408,385-7082,1
217,79.0,0.0,277.3,198.4,77,0,0,0,2,2,3,Female,False,False,UT,510,327-6194,0
218,82.0,0.0,212.0,135.7,84,1,0,0,2,2,3,Male,False,False,OK,510,381-4565,0
219,82.5,0.0,227.3,162.4,101,2,0,0,2,2,3,Male,False,True,NH,408,353-4296,0
220,96.5,0.0,248.6,28.6,87,1,0,0,2,1,3,Female,False,True,AK,408,362-8331,0
221,59.5,0.0,258.0,59.8,153,1,0,0,2,1,5,Male,True,True,OH,510,362-1490,0
222,59.5,0.0,232.4,203.2,103,0,0,0,2,2,3,Male,False,False,PA,415,396-6775,0
223,84.0,0.0,208.2,179.1,119,1,0,0,2,2,4,Male,False,False,MN,415,379-7779,0
224,33.0,0.0,297.8,145.2,125,2,0,0,2,2,4,Male,False,False,ME,415,406-8809,0
225,95.0,0.27,90.9,176.5,65,1,0,1,1,2,2,Male,True,False,WY,415,337-4339,0
226,81.5,0.0,387.3,192.0,67,0,0,0,3,2,2,Female,True,True,ME,408,333-7631,1
227,42.5,0.0,274.9,191.3,82,1,0,0,2,2,3,Female,True,True,MN,408,372-6623,0
228,47.5,0.0,250.2,140.4,95,1,0,0,2,2,3,Female,False,True,SD,408,388-4571,0
229,68.5,0.0,339.4,168.6,60,1,0,0,3,2,2,Male,False,True,ID,510,383-2566,0
230,85.5,0.0,282.8,159.7,104,4,0,0,2,2,3,Male,True,True,AL,415,343-4806,0
231,67.5,0.15,230.1,237.0,109,1,0,1,2,3,3,Female,False,True,TN,408,352-1127,0
232,72.5,0.0,230.0,172.6,125,1,0,0,2,2,4,Male,False,True,OH,408,368-1288,0
233,53.5,0.0,264.2,184.7,118,1,1,0,2,2,4,Female,False,False,FL,408,397-9333,0
234,38.0,0.0,231.4,213.2,99,1,0,0,2,3,3,Male,True,True,NY,415,409-7494,0
235,42.0,0.19,249.1,164.5,169,0,0,1,2,2,5,Male,False,True,KS,415,415-2176,0
236,64.5,0.31,239.5,194.2,123,2,1,1,2,2,4,Male,False,False,VA,415,377-8067,0
237,86.0,0.0,168.3,108.5,90,2,0,0,1,2,3,Female,True,True,AL,415,362-7835,0
238,69.0,0.0,171.4,210.1,53,6,0,0,1,2,2,Male,True,False,UT,415,385-8184,0
239,69.0,0.29,244.4,245.4,100,0,0,1,2,3,3,Male,False,True,MI,415,345-2863,0
240,72.0,0.0,160.4,177.2,56,1,0,0,1,2,2,Male,True,True,CT,408,330-6165,0
241,56.5,0.0,219.0,175.9,129,1,0,0,2,2,4,Female,False,True,KS,510,332-9446,0
242,105.5,0.0,222.9,150.8,128,1,0,0,2,2,4,Male,False,True,TX,408,396-4311,0
243,66.0,0.36,231.2,208.8,112,3,0,1,2,2,4,Female,False,False,WI,415,350-9313,0
244,88.0,0.35,310.4,118.2,75,1,0,1,3,2,3,Male,True,True,MI,510,392-4929,0
245,56.5,0.12,206.9,198.9,87,0,0,1,2,2,3,Male,False,False,TN,415,386-7456,0
246,78.0,0.28,208.5,193.5,112,0,0,1,2,2,4,Female,False,False,HI,408,353-6218,0
247,84.0,0.26,183.5,183.9,134,2,0,1,2,2,4,Female,True,False,FL,510,394-8504,0
248,44.0,0.39,248.3,175.1,51,1,0,1,2,2,2,Female,False,False,LA,408,353-4880,0
249,44.5,0.0,256.4,175.4,102,3,0,0,2,2,3,Male,True,False,NE,415,363-6896,0
250,52.0,0.0,230.0,219.7,126,1,0,0,2,3,4,Female,False,False,UT,415,340-7062,0
251,60.5,0.0,172.9,205.8,95,2,0,0,1,2,3,Male,False,True,MN,415,421-2659,0
252,74.0,0.0,206.1,181.4,59,3,0,0,2,2,2,Male,True,False,LA,415,411-6294,0
253,109.0,0.0,199.3,172.3,126,2,0,0,2,2,4,Male,True,True,MT,415,359-7694,0
254,78.5,0.0,191.3,138.8,98,2,0,0,2,2,3,Female,True,True,IA,408,390-3873,0
255,99.0,0.38,261.8,224.2,77,1,0,1,2,3,3,Female,False,True,NC,408,373-2903,0
256,92.5,0.0,308.1,201.4,78,2,0,0,3,2,3,Male,True,False,GA,510,328-5050,0
257,85.0,0.0,247.3,169.2,180,1,0,0,2,2,5,Male,True,True,UT,415,394-9934,0
258,101.5,0.31,289.7,104.5,75,1,0,1,2,2,3,Male,False,True,MA,408,351-7005,0
259,85.5,0.0,212.0,132.3,105,1,0,0,2,2,3,Male,False,True,TN,408,348-2009,0
260,100.5,0.0,220.4,134.1,90,0,0,0,2,2,3,Male,False,False,IA,415,348-1528,0
261,78.5,0.0,231.2,225.3,54,1,0,0,2,3,2,Female,False,True,IN,415,365-5039,0
262,84.5,0.0,227.7,262.0,87,0,0,0,2,3,3,Male,False,False,MT,415,335-9066,0
263,107.5,0.0,186.7,95.8,83,6,0,0,2,2,3,Male,True,True,MT,415,357-9136,0
264,78.0,0.0,180.4,232.6,131,2,0,0,1,3,4,Male,False,False,KS,510,343-3961,0
265,92.5,0.0,177.2,179.6,139,0,0,0,1,2,4,Male,False,True,NC,510,375-4107,1
266,51.0,0.22,280.4,298.7,78,1,0,1,2,3,3,Male,True,True,AZ,510,369-6012,0
267,116.5,0.0,287.2,123.1,129,1,0,0,2,2,4,Male,False,False,VA,415,352-5697,0
268,99.0,0.0,143.6,157.3,74,1,0,0,1,2,2,Male,False,False,WA,510,399-3083,0
269,66.5,0.0,250.1,135.1,63,3,0,0,2,2,2,Male,True,False,WA,510,335-4414,0
270,59.5,0.0,319.3,48.9,118,2,0,0,3,1,4,Male,False,True,NH,415,370-5361,0
271,116.5,0.0,248.0,184.8,87,2,0,0,2,2,3,Male,True,True,MT,510,374-5965,0
272,77.0,0.29,228.5,244.8,75,2,0,1,2,3,3,Female,True,False,NE,415,420-6414,0
273,70.0,0.31,250.4,167.6,145,2,0,1,2,2,4,Male,False,False,AR,415,337-9878,0
274,71.0,0.0,274.6,198.8,76,3,0,0,2,2,3,Female,False,True,OK,408,405-1780,0
275,106.0,0.28,275.5,220.5,115,1,0,1,2,3,4,Male,True,True,IL,415,396-5790,0
276,95.5,0.24,235.9,171.4,41,2,0,1,2,2,2,Female,False,True,AK,415,356-5244,0
277,72.5,0.0,65.0,129.6,68,4,0,0,1,2,2,Male,False,True,SD,415,392-2555,0
278,94.0,0.0,350.7,200.9,148,0,0,0,3,2,4,Female,True,True,WA,408,357-6039,1
279,115.0,0.0,123.4,232.2,119,1,0,0,1,3,4,Male,False,False,LA,415,388-9653,0
280,53.5,0.16,155.4,171.3,131,0,0,1,1,2,4,Male,True,True,WA,415,359-2915,0
281,90.0,0.0,197.9,37.0,99,3,0,0,2,1,3,Female,False,True,WV,510,329-7102,0
282,63.0,0.31,169.9,207.6,77,3,0,1,1,2,3,Male,False,True,OK,415,394-2553,0
283,40.5,0.0,249.5,194.0,116,1,0,0,2,2,4,Male,True,True,UT,408,398-1959,0
284,74.5,0.0,300.6,164.8,86,1,1,0,3,2,3,Female,False,False,VA,415,384-9254,0
285,73.5,0.0,244.5,132.3,66,1,0,0,2,2,2,Male,False,False,PA,510,359-1441,0
286,73.0,0.32,233.4,195.9,85,0,0,1,2,2,3,Male,False,False,MI,408,337-4749,0
287,59.0,0.39,301.1,259.2,91,2,0,1,3,3,3,Male,False,False,GA,415,380-6342,0
288,65.0,0.0,146.3,190.6,89,0,0,0,1,2,3,Female,True,True,AZ,510,341-5892,0
289,69.0,0.0,292.4,238.5,130,1,0,0,2,3,4,Male,False,True,HI,510,394-3806,0
290,65.5,0.0,232.8,217.9,119,0,0,0,2,3,4,Male,False,False,WI,408,417-5813,0
291,78.5,0.0,190.5,239.8,89,1,0,0,2,3,3,Female,False,True,MO,415,367-7906,0
292,85.0,0.31,147.3,226.1,118,6,0,1,1,3,4,Male,False,True,MS,415,412-2520,0
293,121.0,0.3,248.1,202.6,84,0,0,1,2,2,3,Male,False,True,NJ,415,420-6780,0
294,55.0,0.0,227.1,182.1,122,1,0,0,2,2,4,Male,True,False,NH,408,401-1454,0
295,72.0,0.0,207.3,174.5,91,0,0,0,2,2,3,Female,False,False,LA,510,379-9821,0
296,33.5,0.0,315.9,141.4,96,2,0,0,3,2,3,Male,False,False,RI,415,401-7654,0
297,97.5,0.34,263.0,243.7,76,1,0,1,2,3,3,Male,False,True,WV,415,367-2056,0
298,58.0,0.0,304.8,98.9,113,1,0,0,3,2,4,Female,False,True,NJ,510,363-6695,0
299,90.0,0.0,229.5,117.9,112,0,0,0,2,2,4,Male,False,True,TN,415,374-6217,0
300,98.0,0.37,177.8,213.9,132,2,0,1,1,3,4,Male,True,True,UT,408,350-9720,0
301,77.0,0.19,177.6,231.7,111,0,1,1,1,3,3,Male,True,True,IL,415,380-4080,0
302,80.0,0.26,291.4,204.7,108,1,0,1,2,2,3,Male,False,False,MI,510,333-7460,0
303,65.0,0.0,269.3,158.8,92,1,1,0,2,2,3,Male,False,True,SD,415,406-4560,0
304,94.0,0.08,287.5,141.5,97,1,0,1,2,2,3,Female,False,False,ID,510,331-7342,0
305,66.5,0.0,307.5,132.3,78,4,0,0,3,2,3,Female,False,True,FL,415,398-6703,0
306,71.0,0.33,284.7,156.8,95,2,0,1,2,2,3,Male,True,True,IN,415,375-8761,0
307,56.0,0.0,174.5,302.1,66,1,0,0,1,3,2,Male,True,True,MO,408,386-3717,0
308,68.5,0.33,146.6,205.6,99,1,0,1,1,2,3,Male,True,False,CT,510,330-1175,0
309,49.0,0.0,104.5,234.3,100,0,0,0,1,3,3,Male,False,True,SC,408,377-6635,0
310,78.0,0.0,221.8,185.8,76,1,0,0,2,2,3,Male,False,True,ID,415,370-7546,0
311,65.5,0.0,233.6,268.0,98,1,0,0,2,3,3,Female,False,True,RI,415,405-7467,0
312,62.5,0.0,318.2,171.0,97,2,0,0,3,2,3,Female,False,False,HI,415,379-8526,0
313,68.0,0.0,198.3,152.9,129,3,1,0,2,2,4,Male,False,False,AR,415,343-5219,0
314,52.5,0.0,198.9,136.4,154,1,0,0,2,2,5,Male,True,False,MT,415,401-5586,0
315,57.0,0.0,281.0,156.9,49,2,0,0,2,2,2,Male,False,True,IA,415,398-7978,0
316,81.0,0.36,180.9,206.6,117,3,0,1,1,2,4,Female,False,True,LA,415,392-2722,1
317,64.5,0.0,254.8,117.7,106,1,0,0,2,2,3,Female,False,True,MT,510,393-3274,0
318,93.0,0.17,301.5,133.1,122,2,1,1,3,2,4,Female,True,False,WV,415,419-6418,0
319,110.5,0.14,264.1,191.8,42,1,0,1,2,2,2,Male,True,False,MO,408,374-1684,0
320,103.0,0.0,298.7,177.9,120,2,0,0,2,2,4,Male,False,True,NV,415,362-7604,0
321,34.5,0.0,204.4,113.4,100,2,0,0,2,2,3,Male,True,True,NH,408,336-2829,0
322,90.5,0.0,224.9,142.2,56,1,0,0,2,2,2,Male,True,True,ND,510,340-6339,0
323,40.5,0.0,180.1,166.8,114,2,0,0,1,2,4,Male,False,True,NV,415,380-6571,0
324,42.0,0.0,152.7,248.2,105,1,0,0,1,3,3,Male,True,True,TX,415,402-1556,0
325,9.0,0.0,230.4,243.7,87,0,0,0,2,3,3,Male,False,True,MI,415,371-2500,0
326,84.0,0.0,212.5,161.7,164,2,0,0,2,2,5,Male,False,True,SD,408,335-3681,0
327,37.0,0.0,300.7,106.9,133,1,0,0,3,2,4,Male,False,False,ID,415,399-9239,0
328,105.0,0.35,226.9,121.2,85,1,0,1,2,2,3,Male,False,False,MT,510,332-7607,0
329,71.5,0.0,244.1,166.6,102,1,0,0,2,2,3,Male,False,True,UT,408,384-1549,0
330,68.5,0.0,212.9,179.3,88,2,0,0,2,2,3,Male,False,True,HI,415,352-8508,0
331,82.5,0.25,262.4,265.7,132,0,0,1,2,3,4,Male,True,True,SD,415,360-6024,0
332,106.5,0.0,202.6,132.0,58,3,0,0,2,2,2,Female,False,True,CT,408,410-5192,0
333,69.0,0.0,338.9,248.6,109,1,1,0,3,3,3,Male,True,True,KS,415,405-1108,1
334,64.0,0.26,220.2,200.9,45,0,0,1,2,2,2,Male,False,True,MI,415,402-4501,0
335,61.0,0.44,319.1,150.2,87,3,1,1,3,2,3,Female,True,True,VT,415,400-3343,0
336,56.0,0.0,175.9,85.6,158,1,0,0,1,1,5,Male,False,True,WY,510,408-9779,0
337,79.5,0.0,291.9,171.6,132,2,0,0,2,2,4,Male,True,False,ND,510,384-5027,0
338,55.0,0.0,252.0,111.4,100,2,0,0,2,2,3,Female,False,False,WI,510,380-3161,0
339,78.0,0.0,269.8,131.0,95,0,0,0,2,2,3,Male,False,True,NY,415,399-5426,0
340,85.5,0.0,230.9,205.9,120,2,0,0,2,2,4,Female,False,True,MO,415,385-2564,0
341,84.5,0.0,290.2,185.1,91,2,0,0,2,2,3,Female,False,True,CO,415,394-6278,0
342,94.5,0.0,279.1,210.5,101,1,1,0,2,2,3,Male,False,True,DE,415,379-3953,0
343,59.5,0.0,249.8,145.1,105,1,0,0,2,2,3,Female,False,False,WV,510,355-3814,0
344,35.0,0.0,356.8,184.3,99,0,0,0,3,2,3,Male,False,True,MN,510,372-7990,1
345,56.5,0.0,133.4,163.3,104,0,0,0,1,2,3,Female,True,True,NH,408,390-4003,0
346,79.5,0.12,154.7,108.6,107,1,0,1,1,2,3,Female,False,False,WI,510,378-9090,0
347,71.0,0.28,170.9,201.7,107,1,0,1,1,2,3,Male,False,True,ND,415,379-4583,0
348,75.5,0.38,307.2,129.7,89,1,0,1,3,2,3,Male,False,False,AL,408,371-7366,0
349,113.0,0.35,263.5,240.6,81,1,0,1,2,3,3,Male,True,True,MS,408,391-6709,0
350,79.5,0.0,195.2,248.0,140,2,0,0,2,3,4,Male,True,False,VA,415,372-1534,0
351,80.5,0.0,394.8,178.3,106,0,0,0,3,2,3,Female,True,True,OK,510,393-4823,1
352,40.0,0.4,296.9,181.8,123,2,0,1,2,2,4,Female,False,False,CT,408,398-8122,0
353,72.5,0.0,137.8,156.4,105,3,0,0,1,2,3,Female,False,False,MN,415,384-7459,0
354,64.5,0.0,267.1,165.7,133,2,0,0,2,2,4,Male,False,True,ID,415,381-2376,0
355,51.0,0.0,280.6,170.6,124,1,0,0,2,2,4,Male,True,True,PA,510,365-8114,0
356,109.5,0.29,301.3,160.8,72,3,0,1,3,2,2,Male,True,True,ID,408,341-9396,0
357,94.5,0.0,338.8,89.6,117,1,0,0,3,1,4,Female,True,True,MD,415,408-6302,0
358,70.5,0.0,239.5,183.7,103,4,0,0,2,2,3,Male,False,False,SC,408,368-3078,0
359,72.0,0.0,265.0,77.9,114,3,0,0,2,1,4,Male,False,True,NE,415,386-9981,0
360,80.0,0.36,160.9,231.6,133,0,0,1,1,3,4,Male,False,True,NC,510,366-2541,0
361,103.5,0.25,217.8,212.8,91,1,0,1,2,3,3,Male,False,True,ME,510,335-3110,0
362,68.5,0.0,256.4,170.7,82,1,0,0,2,2,3,Male,True,False,NJ,415,397-8162,0
363,72.0,0.0,193.8,173.9,141,2,0,0,2,2,4,Male,False,False,MN,408,388-4459,0
364,82.0,0.0,106.9,181.0,114,1,0,0,1,2,4,Female,True,True,HI,415,334-5263,0
365,91.5,0.0,244.3,178.9,135,1,0,0,2,2,4,Male,False,True,DC,408,355-3801,1
366,62.5,0.39,218.8,93.3,92,1,1,1,2,2,3,Male,True,False,NC,408,340-2855,0
367,88.5,0.0,270.1,202.7,92,2,0,0,2,2,3,Male,False,True,WA,415,336-5900,0
368,75.0,0.42,231.9,243.2,115,1,0,1,2,3,4,Male,False,False,WY,408,360-7246,0
369,92.0,0.0,218.6,175.5,125,1,0,0,2,2,4,Male,True,True,CO,510,331-3842,0
370,99.0,0.29,200.8,192.5,79,2,0,1,2,2,3,Male,False,False,MO,510,398-2628,0
371,55.0,0.0,292.4,43.2,47,0,0,0,2,1,2,Male,False,True,GA,510,393-3194,0
372,73.0,0.0,233.6,229.2,73,1,0,0,2,3,2,Female,False,True,SD,415,385-1214,0
373,66.5,0.0,261.1,169.7,129,3,0,0,2,2,4,Male,False,True,ND,408,348-1706,0
374,80.0,0.0,296.3,180.4,124,3,0,0,2,2,4,Male,False,False,NH,415,415-6145,0
375,63.0,0.0,226.6,166.3,138,1,0,0,2,2,4,Male,False,False,MN,408,373-3731,0
376,63.0,0.17,286.3,137.6,44,0,0,1,2,2,2,Female,False,True,OR,415,402-2482,0
377,77.0,0.25,280.1,167.4,106,1,0,1,2,2,3,Male,False,True,AR,415,365-4728,0
378,75.0,0.42,217.3,237.5,113,7,0,1,2,3,4,Male,True,True,OH,415,397-9184,0
379,121.0,0.26,273.0,155.0,81,1,0,1,2,2,3,Male,False,True,IA,408,331-2144,0
380,83.0,0.28,200.9,214.5,115,4,0,1,2,3,4,Male,True,True,SC,510,369-7017,0
381,81.5,0.0,254.1,193.2,139,2,1,0,2,2,4,Female,True,True,NC,415,420-8435,0
382,35.5,0.0,237.5,223.1,59,0,0,0,2,3,2,Female,False,True,KY,415,343-5347,0
383,88.0,0.0,174.1,112.3,109,2,0,0,1,2,3,Male,False,True,WI,510,417-2265,0
384,55.0,0.0,310.8,234.7,112,0,0,0,3,3,4,Male,False,True,DE,510,333-2906,0
385,108.0,0.0,301.7,201.9,127,1,0,0,3,2,4,Male,True,True,SD,408,378-4557,0
386,63.0,0.0,256.1,252.8,120,2,0,0,2,3,4,Male,True,False,WA,408,381-2498,0
387,56.0,0.0,231.5,180.2,99,1,0,0,2,2,3,Male,False,False,KY,415,400-4020,0
388,65.0,0.0,272.2,226.0,99,1,0,0,2,3,3,Male,False,True,VT,510,359-7648,0
389,34.5,0.33,232.8,175.3,145,4,0,1,2,2,4,Female,False,True,WA,408,352-6068,1
390,91.0,0.0,262.7,122.2,70,2,0,0,2,2,2,Male,True,True,NY,415,343-9645,0
391,70.0,0.0,215.6,139.1,104,8,0,0,2,2,3,Male,False,True,NH,408,371-1727,1
392,88.0,0.0,280.5,160.7,86,1,0,0,2,2,3,Male,False,True,NM,415,404-7518,0
393,70.5,0.0,168.1,245.0,112,1,0,0,1,3,4,Male,False,True,TN,510,345-9018,0
394,113.0,0.0,226.5,184.2,86,1,0,0,2,2,3,Female,False,False,RI,415,396-9656,0
395,65.0,0.0,193.7,197.1,92,2,0,0,2,2,3,Male,False,True,AZ,510,403-9719,0
396,59.5,0.0,253.5,152.0,61,1,0,0,2,2,2,Male,False,True,NC,415,352-6265,0
397,63.5,0.0,202.4,90.0,124,3,0,0,2,1,4,Female,False,True,RI,510,412-3527,1
398,65.0,0.2,222.8,131.5,87,5,0,1,2,2,3,Male,False,True,KY,408,403-2673,1
399,33.0,0.27,295.2,166.1,104,1,0,1,2,2,3,Female,False,True,NV,415,416-7679,0
400,91.5,0.0,286.1,148.6,74,1,0,0,2,2,2,Female,False,False,ID,510,408-6676,0
401,59.0,0.0,228.8,225.6,157,0,0,0,2,3,5,Male,True,False,SD,415,404-9754,0
402,64.5,0.04,206.3,200.4,94,3,0,1,2,2,3,Male,True,True,SC,510,364-9425,0
403,86.5,0.0,72.9,106.4,121,0,0,0,1,2,4,Male,False,True,WI,415,405-9233,0
404,105.0,0.0,255.6,131.7,130,1,1,0,2,2,4,Male,False,False,OR,415,344-5973,0
405,83.0,0.0,240.5,175.1,178,4,0,0,2,2,5,Male,False,False,CA,510,335-2261,0
406,62.0,0.0,198.4,174.6,111,1,0,0,2,2,3,Male,False,True,NY,415,343-1458,0
407,78.5,0.33,318.1,180.1,119,3,0,1,3,2,4,Male,False,True,OK,415,395-3852,0
408,80.5,0.0,195.0,155.3,83,0,0,0,2,2,3,Female,False,True,TX,415,358-7914,0
409,78.5,0.0,259.2,163.8,93,3,0,0,2,2,3,Male,False,True,ID,415,355-1019,0
410,39.0,0.39,232.4,142.7,95,3,0,1,2,2,3,Male,True,True,MD,415,398-4814,0
411,69.5,0.26,254.1,148.2,111,1,0,1,2,2,3,Male,True,True,NY,415,391-1793,0
412,42.0,0.23,218.6,186.9,126,2,0,1,2,2,4,Female,True,True,SC,415,394-9825,0
413,81.0,0.0,268.5,259.6,87,3,0,0,2,3,3,Female,False,True,IA,510,328-2647,0
414,55.5,0.0,305.1,150.4,80,3,0,0,3,2,3,Male,True,True,WA,415,369-7903,0
415,89.5,0.0,189.1,162.8,64,3,0,0,2,2,2,Male,False,False,GA,408,356-1952,0
416,81.5,0.3,249.2,137.5,100,0,1,1,2,2,3,Male,False,True,MT,510,416-7866,0
417,61.5,0.0,214.2,163.6,111,1,0,0,2,2,3,Female,True,True,VT,415,338-9950,0
418,61.0,0.0,278.2,90.7,75,1,0,0,2,1,3,Female,True,False,MT,408,334-4354,0
419,80.5,0.0,262.7,97.6,135,1,0,0,2,2,4,Male,False,False,LA,415,353-5557,0
420,65.0,0.0,251.0,207.4,122,1,0,0,2,2,4,Male,False,True,NJ,415,397-6425,0
421,51.5,0.0,225.5,210.5,113,1,0,0,2,2,4,Male,False,True,IN,415,413-3990,0
422,74.0,0.0,293.9,225.7,101,4,1,0,2,3,3,Female,False,True,NH,408,400-8538,0
423,60.5,0.0,299.1,170.2,131,2,0,0,3,2,4,Female,False,True,MN,415,389-2477,0
424,84.0,0.0,203.5,123.2,111,1,0,0,2,2,3,Male,True,True,IA,415,404-2942,0
425,69.0,0.0,227.3,182.5,111,4,0,0,2,2,3,Female,False,False,NE,408,327-6764,1
426,68.5,0.37,288.5,205.1,106,2,0,1,2,2,3,Female,False,False,NC,415,419-3196,0
427,79.0,0.0,191.1,244.7,98,1,0,0,2,3,3,Male,False,True,MO,415,367-8924,0
428,66.5,0.0,213.4,163.8,69,0,0,0,2,2,2,Male,True,True,AK,415,394-4548,0
429,84.5,0.0,363.1,171.3,97,2,0,0,3,2,3,Male,False,True,NH,408,413-2194,1
430,58.5,0.0,168.7,97.0,144,0,0,0,1,2,4,Male,False,False,NC,415,342-1702,0
431,46.5,0.0,201.6,179.4,122,4,0,0,2,2,4,Male,True,True,LA,415,381-4029,0
432,52.5,0.0,261.2,146.5,152,0,1,0,2,2,5,Male,False,True,CA,510,388-6026,0
433,81.0,0.0,219.5,186.2,137,1,0,0,2,2,4,Female,True,True,UT,510,329-6144,0
434,74.5,0.0,310.0,150.4,97,1,0,0,3,2,3,Male,False,True,IN,510,360-5794,0
435,85.0,0.26,196.2,76.5,102,2,0,1,2,1,3,Male,True,True,MT,408,394-9942,0
436,100.0,0.0,264.9,258.4,113,1,0,0,2,3,4,Female,False,True,WV,415,348-5767,0
437,97.5,0.0,262.7,106.7,132,4,0,0,2,2,4,Male,False,True,VT,415,384-2908,0
438,58.5,0.0,314.8,231.9,127,3,0,0,3,3,4,Male,False,False,NE,415,387-1535,1
439,15.5,0.0,291.0,274.6,126,2,0,0,2,3,4,Female,False,True,SC,415,336-8343,1
440,44.0,0.26,276.7,109.2,111,1,1,1,2,2,3,Female,False,True,HI,415,346-8362,0
441,58.5,0.0,262.6,216.5,125,2,1,0,2,3,4,Male,False,True,WY,408,339-9798,0
442,38.5,0.0,112.7,234.4,132,0,1,0,1,3,4,Female,False,False,FL,510,367-1681,0
443,55.5,0.0,255.1,152.2,130,1,0,0,2,2,4,Male,True,True,KS,415,420-9973,0
444,82.5,0.0,217.9,226.6,53,2,0,0,2,3,2,Male,True,True,NY,510,362-2353,0
445,61.0,0.0,242.2,93.5,84,1,0,0,2,2,3,Female,False,True,WV,510,401-2468,0
446,65.5,0.16,265.3,167.8,104,1,1,1,2,2,3,Male,False,True,NE,415,351-2928,0
447,38.5,0.0,217.1,91.0,98,0,0,0,2,1,3,Male,True,False,MN,408,333-5551,0
448,70.0,0.0,236.7,114.5,68,3,1,0,2,2,2,Male,False,False,OR,510,394-2560,0
449,65.5,0.27,278.0,196.2,111,4,0,1,2,2,3,Male,True,True,CT,415,418-5708,0
450,73.0,0.24,241.1,129.4,121,0,0,1,2,2,4,Male,False,True,AK,415,380-2600,0
451,54.5,0.0,269.7,113.1,110,6,0,0,2,2,3,Female,False,True,ID,415,345-4473,0
452,69.5,0.0,162.2,125.6,124,0,0,0,1,2,4,Female,True,True,ID,510,403-6565,0
453,57.5,0.0,333.1,90.5,144,2,0,0,3,1,4,Male,True,True,KS,510,397-9486,1
454,77.5,0.0,231.7,149.3,68,4,0,0,2,2,2,Male,False,False,NV,415,364-3286,0
455,82.5,0.0,212.1,169.7,137,0,0,0,2,2,4,Male,False,True,WY,415,399-6259,0
456,93.5,0.29,102.7,114.1,49,1,0,1,1,2,2,Male,False,False,WA,415,335-5806,0
457,89.0,0.29,280.5,131.9,88,2,0,1,2,2,3,Male,False,False,RI,415,368-5612,0
458,62.0,0.0,199.9,181.5,113,1,0,0,2,2,4,Female,False,False,MT,510,374-5301,0
459,81.5,0.0,259.8,179.9,128,0,0,0,2,2,4,Male,False,True,CO,415,406-5710,0
460,45.5,0.2,304.1,179.1,133,5,0,1,3,2,4,Male,False,True,CT,408,354-7077,0
461,44.5,0.35,129.9,154.1,146,1,0,1,1,2,4,Male,True,False,WV,408,401-4778,0
462,84.5,0.0,189.0,232.1,117,2,0,0,2,3,4,Male,False,True,WV,510,392-6073,0
463,87.5,0.0,243.7,222.3,84,1,0,0,2,3,3,Female,False,True,TN,415,356-1582,0
464,64.5,0.0,220.3,139.9,126,2,0,0,2,2,4,Male,True,False,PA,415,417-4266,0
465,104.5,0.0,258.7,96.9,88,0,0,0,2,2,3,Male,False,True,NE,415,361-6814,0
466,60.0,0.0,215.0,59.8,111,3,0,0,2,1,3,Male,False,True,NE,415,330-6208,1
467,91.0,0.33,335.7,170.7,109,3,0,1,3,2,3,Male,True,False,MI,415,349-5617,0
468,86.0,0.0,272.0,143.8,121,1,0,0,2,2,4,Male,False,True,IL,415,397-8051,0
469,45.0,0.0,219.6,233.0,155,1,0,0,2,3,5,Male,False,True,AR,408,339-3636,0
470,66.5,0.0,336.1,207.0,98,2,0,0,3,2,3,Female,True,True,UT,415,375-3826,0
471,70.0,0.0,223.7,168.4,105,1,0,0,2,2,3,Male,False,True,FL,415,380-6413,0
472,62.0,0.0,163.8,116.9,100,3,0,0,1,2,3,Male,False,True,AL,415,404-8765,0
473,72.5,0.0,353.1,107.9,0,0,0,0,3,2,0,Male,False,False,FL,408,416-7452,0
474,64.5,0.0,234.2,119.9,46,2,0,0,2,2,2,Male,False,True,LA,415,356-8982,0
475,47.0,0.2,329.4,189.6,113,2,0,1,3,2,4,Male,False,False,AL,415,348-6659,0
476,110.5,0.0,272.7,180.6,96,0,0,0,2,2,3,Male,False,True,CT,408,345-2401,0
477,45.5,0.0,206.5,233.0,34,2,0,0,2,3,1,Male,False,False,TX,415,422-1799,0
478,70.5,0.0,338.2,181.1,131,2,0,0,3,2,4,Female,False,True,MT,408,399-2457,1
479,62.5,0.0,289.6,195.9,125,2,0,0,2,2,4,Female,True,True,ND,408,419-3427,0
480,87.5,0.0,287.1,169.4,94,2,0,0,2,2,3,Male,True,False,IN,415,386-9724,0
481,65.5,0.0,239.3,110.2,90,4,0,0,2,2,3,Female,False,True,NY,415,391-1737,1
482,83.0,0.33,208.0,182.2,153,5,0,1,2,2,5,Male,False,False,NY,415,388-9285,0
483,65.0,0.0,221.0,226.8,119,2,0,0,2,3,4,Male,False,False,IA,510,335-8427,0
484,61.5,0.0,163.2,156.7,93,2,0,0,1,2,3,Female,False,True,GA,408,409-6753,0
485,103.0,0.0,304.9,231.6,89,2,0,0,3,3,3,Female,True,True,CA,510,328-8980,1
486,73.0,0.15,182.6,166.3,64,1,0,1,2,2,2,Female,True,True,MT,415,416-7013,0
487,71.0,0.21,303.0,179.6,100,2,0,1,3,2,3,Male,False,False,MA,415,400-4244,0
488,66.0,0.13,258.1,81.6,121,1,0,1,2,1,4,Male,False,False,HI,408,401-6671,0
489,56.0,0.0,262.0,171.0,116,1,0,0,2,2,4,Male,False,True,GA,408,380-9879,0
490,59.0,0.0,234.3,126.0,116,2,0,0,2,2,4,Male,False,True,AL,408,384-9243,0
491,62.0,0.0,295.4,195.0,76,3,0,0,2,2,3,Female,True,True,ID,415,327-4795,0
492,53.0,0.0,174.8,200.5,119,1,0,0,1,2,4,Male,False,True,NY,510,338-7955,0
493,54.0,0.0,238.4,192.0,137,1,0,0,2,2,4,Male,True,False,OH,415,351-7807,0
494,99.0,0.0,161.1,216.8,97,1,0,0,1,3,3,Male,False,True,DC,415,384-6264,0
495,48.5,0.11,245.7,143.7,101,2,0,1,2,2,3,Male,False,True,WY,415,356-1270,0
496,88.5,0.4,206.7,238.3,85,0,0,1,2,3,3,Male,False,False,CO,408,329-6192,0
497,73.5,0.0,238.9,257.4,91,1,0,0,2,3,3,Male,False,True,MA,415,359-9369,0
498,83.5,0.0,238.2,101.2,54,0,0,0,2,2,2,Female,False,True,MS,408,368-8972,0
499,50.0,0.0,232.8,181.0,105,4,0,0,2,2,3,Male,True,False,RI,408,332-2889,0
500,61.5,0.0,317.1,196.1,138,1,0,0,3,2,4,Male,True,True,CA,415,375-5547,0
501,78.5,0.0,135.7,181.0,0,2,0,0,1,2,0,Female,True,False,NY,510,387-2041,0
502,58.0,0.19,194.7,130.8,122,2,0,1,2,2,4,Male,True,True,MA,510,336-1880,0
503,68.5,0.0,300.2,190.6,118,1,0,0,3,2,4,Male,False,False,VA,415,353-8928,0
504,93.0,0.0,180.0,92.3,64,0,1,0,1,2,2,Male,True,True,NJ,510,330-2635,0
505,29.5,0.0,216.7,148.5,131,2,0,0,2,2,4,Male,False,False,WA,408,344-3131,0
506,58.0,0.0,283.6,119.9,92,2,0,0,2,2,3,Female,False,False,WI,415,343-9365,0
507,80.5,0.0,330.2,148.7,107,2,0,0,3,2,3,Male,True,True,WA,510,362-5579,1
508,31.5,0.0,208.3,150.5,101,1,0,0,2,2,3,Female,False,True,RI,415,366-7616,0
509,34.5,0.0,255.3,222.7,72,2,0,0,2,3,2,Male,False,False,ME,415,397-2870,0
510,112.0,0.0,324.4,239.7,95,1,0,0,3,3,3,Female,False,True,SC,510,408-5322,1
511,76.5,0.0,222.9,204.0,122,2,0,0,2,2,4,Female,False,True,MA,408,406-1730,0
512,74.5,0.0,201.2,135.1,96,0,0,0,2,2,3,Male,False,True,AR,408,333-2964,0
513,70.5,0.0,289.2,213.3,120,3,1,0,2,3,4,Male,False,True,MS,510,329-9689,0
514,73.0,0.0,211.0,173.0,133,1,0,0,2,2,4,Male,False,False,OR,415,417-2774,0
515,89.5,0.0,281.9,181.0,114,3,0,0,2,2,4,Male,False,False,GA,510,412-7791,0
516,69.0,0.0,277.0,196.6,89,3,0,0,2,2,3,Female,False,True,ME,510,352-5750,0
517,75.0,0.0,214.6,170.7,143,0,0,0,2,2,4,Male,True,True,VT,408,417-6044,0
518,78.5,0.0,227.4,137.0,114,2,1,0,2,2,4,Male,False,False,OK,510,397-3746,0
519,87.0,0.37,220.0,112.4,59,1,0,1,2,2,2,Male,False,True,LA,415,420-7692,0
520,39.0,0.33,176.6,183.3,160,0,0,1,1,2,5,Male,False,True,OR,415,409-8453,0
521,48.0,0.35,222.5,159.6,111,3,1,1,2,2,3,Male,True,True,ND,408,409-4671,1
522,78.5,0.16,209.8,176.2,116,4,0,1,2,2,4,Female,False,True,IL,510,342-7716,0
523,54.5,0.0,323.8,99.5,109,2,0,0,3,2,3,Male,False,True,UT,415,417-2221,0
524,77.5,0.0,217.9,141.2,120,2,0,0,2,2,4,Male,True,False,AR,408,348-7448,0
525,78.5,0.0,215.8,265.9,125,1,0,0,2,3,4,Male,False,True,AK,408,389-4602,0
526,40.0,0.22,280.1,108.9,124,2,0,1,2,2,4,Female,False,True,MN,408,371-5655,0
527,90.0,0.0,245.5,200.0,106,0,0,0,2,2,3,Female,False,True,RI,415,371-1187,0
528,90.0,0.21,216.5,117.8,100,1,1,1,2,2,3,Male,False,True,CO,408,378-8029,0
529,83.5,0.0,244.2,192.9,124,0,0,0,2,2,4,Female,True,True,AL,415,367-8156,0
530,79.0,0.0,181.2,199.7,101,3,1,0,1,2,3,Female,False,True,FL,408,347-2951,0
531,99.5,0.0,373.6,120.8,73,4,0,0,3,2,2,Male,False,True,IA,415,359-7426,0
532,89.5,0.0,278.5,136.6,141,3,0,0,2,2,4,Male,False,False,OR,510,407-6391,0
533,103.5,0.0,300.1,166.8,70,3,0,0,3,2,2,Female,False,False,RI,415,366-8382,0
534,52.5,0.0,333.4,144.4,116,1,1,0,3,2,4,Male,False,False,IL,408,405-2209,0
535,59.5,0.0,256.3,231.5,100,1,0,0,2,3,3,Male,True,True,NE,510,359-9223,0
536,63.5,0.24,248.6,173.8,60,2,0,1,2,2,2,Male,True,True,NH,408,369-2214,0
537,53.0,0.5,251.5,148.0,121,2,0,1,2,2,4,Female,False,False,WV,510,376-4284,0
538,79.5,0.0,268.4,152.9,138,1,0,0,2,2,4,Male,False,True,OK,510,369-1904,0
539,42.5,0.0,260.9,59.1,103,1,0,0,2,1,3,Female,True,False,MI,415,348-5569,0
540,56.5,0.0,281.2,333.7,169,5,1,0,2,3,5,Male,True,True,NC,408,384-4938,0
541,77.5,0.0,246.9,121.5,75,1,0,0,2,2,3,Female,True,True,AL,415,352-5393,0
542,71.0,0.09,225.1,180.0,108,0,0,1,2,2,3,Female,False,False,WY,510,395-1229,0
543,36.0,0.0,254.8,143.7,103,0,0,0,2,2,3,Male,False,True,HI,510,361-9195,0
544,91.0,0.4,170.0,150.6,102,2,0,1,1,2,3,Male,True,True,PA,408,343-1347,0
545,54.5,0.0,72.8,141.4,129,2,0,0,1,2,4,Male,False,True,OH,415,406-4158,0
546,56.5,0.0,180.6,137.8,126,1,0,0,1,2,4,Male,False,False,IN,408,334-9818,0
547,60.0,0.23,310.0,235.0,149,2,0,1,3,3,5,Male,False,False,RI,510,348-8711,0
548,90.5,0.32,283.4,206.7,132,0,1,1,2,2,4,Male,False,True,ME,415,358-1346,0
549,61.5,0.24,292.5,204.9,90,1,0,1,2,2,3,Male,False,True,WY,415,381-8422,0
550,56.5,0.3,250.0,219.5,74,0,0,1,2,3,2,Female,False,True,IN,408,360-9005,0
551,65.5,0.0,273.7,182.8,85,0,0,0,2,2,3,Male,False,True,CA,415,346-5036,0
552,67.0,0.29,176.2,233.5,90,6,0,1,1,3,3,Male,False,True,AR,415,409-6588,0
553,82.5,0.0,152.7,184.8,108,1,0,0,1,2,3,Male,False,True,MS,415,358-5721,0
554,68.0,0.27,348.4,194.1,144,2,0,1,3,2,4,Male,False,True,VA,510,330-2662,0
555,53.0,0.0,323.0,216.5,109,0,1,0,3,3,3,Male,True,False,MT,408,330-5824,1
556,83.5,0.0,155.5,181.7,93,1,0,0,1,2,3,Male,True,True,MI,510,411-1261,0
557,106.5,0.0,119.0,149.3,102,1,0,0,1,2,3,Male,True,True,MN,408,399-4800,0
558,108.0,0.0,147.6,174.0,91,1,0,0,1,2,3,Male,False,True,LA,408,348-7556,0
559,48.5,0.0,180.6,183.6,107,1,0,0,1,2,3,Male,False,True,NH,510,345-2319,0
560,44.0,0.0,228.1,261.7,112,0,1,0,2,3,4,Female,False,True,RI,408,334-2961,0
561,103.5,0.0,240.1,186.9,99,1,0,0,2,2,3,Male,False,True,WV,408,370-5001,0
562,63.5,0.0,128.7,165.8,100,1,0,0,1,2,3,Male,False,True,SD,415,365-5629,0
563,41.0,0.0,238.4,183.7,115,1,0,0,2,2,4,Male,False,True,NH,415,349-4397,0
564,43.5,0.0,302.7,151.5,77,1,0,0,3,2,3,Male,True,True,IN,510,329-8669,0
565,76.5,0.0,207.4,96.2,46,1,0,0,2,2,2,Female,True,True,MN,408,421-5994,0
566,41.5,0.0,281.8,177.3,56,1,0,0,2,2,2,Male,True,True,NY,408,352-6084,0
567,78.0,0.0,123.0,37.5,115,0,0,0,1,1,4,Male,False,False,WV,415,415-3158,0
568,81.0,0.0,238.2,206.2,118,2,0,0,2,2,4,Male,False,True,NM,415,402-9304,0
569,68.0,0.0,325.5,72.4,98,1,0,0,3,1,3,Female,False,True,KS,415,354-6942,0
570,60.0,0.0,274.4,207.4,98,1,0,0,2,2,3,Male,True,True,MA,415,410-5199,0
571,75.0,0.0,336.1,207.4,84,1,0,0,3,2,3,Female,True,True,CT,415,404-4809,1
572,52.5,0.0,305.8,114.5,116,0,0,0,3,2,4,Male,False,True,AZ,415,344-6334,0
573,105.0,0.0,229.0,123.1,64,0,1,0,2,2,2,Male,False,True,AR,415,411-8956,0
574,81.5,0.36,255.3,226.6,38,1,0,1,2,3,2,Male,False,True,MA,408,337-7879,0
575,73.0,0.32,248.4,239.1,67,5,0,1,2,3,2,Male,False,True,DE,415,390-5267,0
576,53.5,0.0,248.4,111.9,104,2,1,0,2,2,3,Male,False,True,OH,408,392-1547,0
577,60.0,0.0,240.7,154.6,91,2,0,0,2,2,3,Male,True,True,WV,415,352-3440,0
578,46.0,0.0,235.2,157.5,43,0,0,0,2,2,2,Male,True,True,WY,415,394-8861,0
579,89.0,0.34,273.8,112.1,125,4,0,1,2,2,4,Female,True,True,KS,415,392-4680,0
580,55.5,0.0,186.5,223.0,107,1,0,0,2,3,3,Male,False,True,MN,510,406-4720,0
581,59.5,0.0,225.9,114.2,129,1,0,0,2,2,4,Male,False,True,SC,415,340-4028,0
582,87.5,0.0,272.6,221.6,109,2,0,0,2,3,3,Male,False,True,KS,415,363-3486,0
583,73.0,0.0,274.2,-30.0,118,1,0,0,2,1,4,Male,False,True,UT,415,418-3181,0
584,73.5,0.4,173.6,176.4,134,0,0,1,1,2,4,Male,False,True,KY,415,353-3223,0
585,53.5,0.0,167.1,189.5,98,0,0,0,1,2,3,Male,False,True,PA,408,357-4573,0
586,49.0,0.0,310.8,256.7,90,1,0,0,3,3,3,Male,True,True,ND,415,378-1936,1
587,95.0,0.0,184.7,159.7,129,2,0,0,2,2,4,Female,False,True,TX,415,380-9409,0
588,53.5,0.0,228.4,219.3,98,7,0,0,2,3,3,Male,True,False,GA,415,400-7509,0
589,121.0,0.0,247.1,104.9,100,5,0,0,2,2,3,Male,False,False,TX,415,396-4254,0
590,69.0,0.0,316.6,145.1,54,1,0,0,3,2,2,Male,False,True,SD,415,393-1891,0
591,47.0,0.2,212.8,246.8,102,0,0,1,2,3,3,Male,False,True,SC,415,370-8676,0
592,63.5,0.0,175.9,183.4,79,2,0,0,1,2,3,Male,False,True,NV,408,360-1320,0
593,98.5,0.0,187.2,137.2,97,1,0,0,2,2,3,Female,True,True,NY,415,414-5177,0
594,46.5,0.0,279.0,162.4,79,1,0,0,2,2,3,Male,True,True,HI,415,370-1465,0
595,71.0,0.0,221.4,100.4,73,1,1,0,2,2,2,Female,True,True,MO,415,375-3341,0
596,57.5,0.0,292.9,272.6,55,1,0,0,2,3,2,Male,False,False,VT,408,344-1362,0
597,65.0,0.34,109.9,104.2,133,1,0,1,1,2,4,Male,False,False,VA,408,348-4961,0
598,86.0,0.0,276.2,222.7,123,0,0,0,2,3,4,Male,False,True,CO,415,332-9896,0
599,33.0,0.0,331.1,195.2,89,3,0,0,3,2,3,Male,False,True,WA,415,345-3947,1
600,56.0,0.0,261.1,155.5,52,2,0,0,2,2,2,Male,False,True,WV,415,362-5044,0
601,45.0,0.0,231.8,113.5,118,0,0,0,2,2,4,Male,False,True,LA,510,350-2075,0
602,47.5,0.0,268.0,120.9,146,1,0,0,2,2,4,Male,True,True,UT,510,377-9520,0
603,58.0,0.23,247.0,186.1,98,1,0,1,2,2,3,Male,True,True,ND,415,399-1021,0
604,60.0,0.33,211.6,84.8,29,0,0,1,2,1,1,Male,False,False,LA,415,382-7659,0
605,70.0,0.35,175.5,178.3,139,4,0,1,1,2,4,Male,True,True,MT,510,342-1004,1
606,57.0,0.0,215.0,202.4,125,1,0,0,2,2,4,Male,True,True,NV,415,420-3028,0
607,89.5,0.0,211.7,118.3,125,3,1,0,2,2,4,Male,False,True,KY,415,349-8391,0
608,65.5,0.0,279.8,179.7,94,3,0,0,2,2,3,Male,False,True,TX,415,345-9168,0
609,76.5,0.0,210.6,167.1,105,0,0,0,2,2,3,Female,False,False,MD,415,344-6404,0
610,102.0,0.0,158.3,169.6,65,0,0,0,1,2,2,Male,False,False,RI,408,417-9455,0
611,66.5,0.0,83.9,228.4,148,1,0,0,1,3,4,Male,False,True,MI,510,357-5784,0
612,71.0,0.0,223.4,158.0,135,4,0,0,2,2,4,Male,False,True,SC,415,345-4589,0
613,65.5,0.0,254.4,189.0,71,3,0,0,2,2,2,Female,False,True,AL,510,339-5659,0
614,38.5,0.0,264.6,184.3,72,3,0,0,2,2,2,Male,False,True,OR,510,367-4853,0
615,65.0,0.0,137.5,174.0,66,1,0,0,1,2,2,Male,False,True,WV,510,386-6408,0
616,68.0,0.0,151.8,78.1,132,1,0,0,1,1,4,Female,False,False,AL,408,332-3804,0
617,19.5,0.0,239.3,224.1,59,6,0,0,2,3,2,Male,True,True,NY,415,371-9414,0
618,75.0,0.0,238.0,160.4,104,0,0,0,2,2,3,Male,False,True,MA,415,341-7412,0
619,64.0,0.0,260.9,197.0,132,2,0,0,2,2,4,Male,True,True,DE,415,415-8164,0
620,52.0,0.0,226.5,162.9,112,0,1,0,2,2,4,Male,True,True,VA,415,365-9371,0
621,48.0,0.0,189.4,290.9,104,2,0,0,2,3,3,Male,True,False,CT,415,387-6065,0
622,68.0,0.0,211.9,84.3,114,3,0,0,2,1,4,Male,False,True,MO,415,327-6087,1
623,68.0,0.36,161.3,149.6,103,1,0,1,1,2,3,Male,True,True,NJ,408,338-9612,0
624,92.5,0.0,196.9,137.6,147,3,0,0,2,2,4,Male,False,False,AK,510,364-1134,0
625,85.0,0.47,238.7,174.0,63,2,0,1,2,2,2,Male,False,True,CT,415,356-1654,0
626,60.0,0.0,179.8,120.0,96,2,0,0,1,2,3,Male,True,True,IL,408,337-3932,0
627,89.5,0.0,178.8,162.3,104,3,0,0,1,2,3,Male,False,True,IN,408,350-1126,0
628,108.0,0.0,292.4,218.0,78,1,0,0,2,3,3,Male,True,True,ND,415,405-1589,0
629,60.0,0.0,289.0,180.7,21,0,0,0,2,2,1,Male,False,False,NH,408,366-7560,0
630,81.0,0.0,194.9,200.1,133,0,0,0,2,2,4,Male,False,True,UT,415,355-6422,0
631,76.0,0.44,281.6,143.1,91,1,0,1,2,2,3,Female,True,True,WI,408,377-7276,0
632,96.0,0.28,341.7,173.7,83,0,0,1,3,2,3,Male,False,True,MD,510,378-6986,0
633,79.5,0.41,218.9,110.7,128,1,0,1,2,2,4,Male,False,False,NM,408,419-9713,0
634,76.0,0.0,216.8,73.6,122,1,1,0,2,1,4,Male,True,False,AL,408,348-9383,0
635,61.0,0.0,280.6,162.9,101,5,0,0,2,2,3,Female,True,False,DE,408,420-3857,0
636,92.5,0.39,276.9,244.4,54,1,0,1,2,3,2,Male,False,False,WV,408,391-6558,0
637,75.0,0.22,371.2,159.7,117,0,0,1,3,2,4,Male,True,True,DC,408,345-1994,1
638,47.0,0.0,245.9,164.9,88,3,1,0,2,2,3,Male,True,True,OK,510,365-9079,0
639,46.5,0.35,204.6,302.8,88,2,0,1,2,3,3,Male,True,True,NY,415,421-6268,0
640,77.5,0.0,218.5,221.7,85,1,0,0,2,3,3,Female,True,False,SC,408,348-6057,0
641,105.0,0.0,316.9,164.6,84,2,0,0,3,2,3,Male,False,True,AR,408,371-9602,0
642,78.0,0.0,251.9,152.6,42,1,0,0,2,2,2,Male,True,True,MA,408,337-2986,0
643,57.0,0.27,261.6,150.6,66,1,0,1,2,2,2,Male,False,True,CT,510,404-3238,0
644,73.0,0.25,206.0,182.0,49,3,0,1,2,2,2,Male,False,True,AZ,408,349-7282,0
645,50.5,0.0,205.8,198.6,109,1,1,0,2,2,3,Female,False,True,MI,415,358-2694,0
646,61.0,0.0,320.1,236.9,88,3,0,0,3,3,3,Male,True,True,WA,510,378-1884,1
647,33.0,0.0,313.7,142.3,113,1,1,0,3,2,4,Male,False,False,AK,415,384-6132,0
648,92.5,0.3,243.1,206.7,84,0,0,1,2,2,3,Male,False,True,MA,415,359-2740,0
649,77.0,0.0,176.2,92.1,126,3,0,0,1,2,4,Female,False,True,OR,415,343-3399,1
650,48.5,0.0,203.4,128.9,39,4,0,0,2,2,2,Male,False,True,OK,510,377-4975,0
651,94.0,0.0,197.0,249.6,135,0,0,0,2,3,4,Female,False,True,NM,415,338-6556,0
652,93.0,0.3,244.2,253.2,147,1,0,1,2,3,4,Male,False,True,IL,415,403-6237,1
653,36.0,0.0,202.5,168.1,133,2,0,0,2,2,4,Male,False,True,NY,415,412-6245,0
654,64.0,0.0,265.2,214.9,88,1,0,0,2,3,3,Female,False,True,MN,415,417-7722,0
655,79.5,0.0,354.1,203.8,127,2,0,0,3,2,4,Male,False,True,WA,415,367-5226,0
656,90.5,0.0,151.3,208.7,125,2,0,0,1,2,4,Male,False,False,WI,415,368-9073,0
657,50.5,0.22,289.4,116.0,88,1,0,1,2,2,3,Male,True,False,OR,510,392-1105,0
658,52.0,0.43,296.0,192.3,83,2,0,1,2,2,3,Male,True,True,NJ,415,376-2408,0
659,71.5,0.0,250.0,152.5,51,1,0,0,2,2,2,Female,False,True,UT,408,370-9296,0
660,62.0,0.22,237.1,193.6,139,1,1,1,2,2,4,Male,False,True,MI,510,335-7324,0
661,35.5,0.0,268.9,204.0,178,4,0,0,2,2,5,Male,False,True,OK,408,398-3632,0
662,74.5,0.0,255.4,62.0,136,2,0,0,2,1,4,Male,False,False,NY,415,363-1123,0
663,31.0,0.0,294.9,114.4,142,2,0,0,2,2,4,Male,True,True,SC,408,406-6304,0
664,77.0,0.0,243.7,203.7,91,1,0,0,2,2,3,Male,False,True,MO,415,373-7713,0
665,77.0,0.0,180.4,179.9,159,3,0,0,1,2,5,Male,True,False,WY,415,378-6924,1
666,73.5,0.0,171.6,254.8,149,1,0,0,1,3,5,Male,True,True,OH,415,347-6812,0
